char_len,duration,num_com,threshold, date/time, link,
5401,364.36,22,0.3,6/29/2019 5:16, https://www.reddit.com/r/AskReddit/comments/c6sg3h/what_nonsexual_skill_is_a_good_indicator_of/, 
4975,351.87,24,0.3,6/29/2019 15:19, https://www.reddit.com/r/AskReddit/comments/c71051/when_is_quantity_better_than_quality/, 
7266,460.15,15,0.3,6/30/2019 3:20, https://www.reddit.com/r/AskReddit/comments/c71jzt/parents_or_reddit_what_do_your_kids_think_theyre/, 
10583,675.39,14,0.4,6/30/2019 3:42, https://www.reddit.com/r/AskReddit/comments/c73g0k/serious_people_who_have_been_clinically_dead_and/, 
3819,264.08,15,0.4,6/30/2019 4:08, https://www.reddit.com/r/AskReddit/comments/c748ds/whats_a_fact_about_sex_thats_actually_a_myth/, 
1426,115.48,15,0.4,6/30/2019 4:18, https://www.reddit.com/r/AskReddit/comments/c76ye6/if_you_could_install_one_update_to_your_body_what/, 
1706,126.59,15,0.4,6/30/2019 4:23, https://www.reddit.com/r/AskReddit/comments/c78ca9/what_are_some_things_you_realised_too_late_in_life/, 
1628,126.15,15,0.4,6/30/2019 4:26, https://www.reddit.com/r/AskReddit/comments/c77ezb/if_you_caught_a_man_breaking_into_your_house_one/, 
5470,358.62,15,0.4,6/30/2019 4:29, https://www.reddit.com/r/AskReddit/comments/c6vucl/for_asian_people_used_to_eating_hot_and_spicy/, 
1848,137.68,15,0.4,6/30/2019 4:32, https://www.reddit.com/r/AskReddit/comments/c6zpyp/what_celebrity_do_you_irrationally_hate/, 
1717,129.64,15,0.4,6/30/2019 4:34, https://www.reddit.com/r/AskReddit/comments/c6wdpl/you_wake_up_in_an_empty_room_made_out_of_steel/, 
4840,330.49,15,0.4,6/30/2019 4:36, https://www.reddit.com/r/AskReddit/comments/c6xqhe/what_do_you_hide_from_people/, 
3713,249.48,15,0.4,6/30/2019 4:38, https://www.reddit.com/r/AskReddit/comments/c6wzta/whats_the_best_bit_of_advice_given_to_you_by_a/, 
8184,511,15,0.4,6/30/2019 4:40, https://www.reddit.com/r/AskReddit/comments/c70m8k/lawyers_of_reddit_what_is_the_worst_way_you_have/, 
4606,328.87,15,0.4,6/30/2019 4:42, https://www.reddit.com/r/AskReddit/comments/c6qqg3/what_were_you_most_shocked_to_find_out_was_a/, 
5506,357.69,15,0.4,6/30/2019 4:44, https://www.reddit.com/r/AskReddit/comments/c6yiad/what_rules_shouldnt_really_exist_but_only_exist/, 
4187,281.44,15,0.4,6/30/2019 4:45, https://www.reddit.com/r/AskReddit/comments/c6yurw/people_with_short_hair_that_used_to_have_long/, 
9209,589.95,15,0,6/30/2019 4:47, https://www.reddit.com/r/AskReddit/comments/c71xxn/what_is_a_hobby_that_you_like_but_a_majority_of/, 
2839,216.41,15,0,6/30/2019 4:49, https://www.reddit.com/r/AskReddit/comments/c73gcv/you_have_to_kill_the_main_character_of_a_video/, 
1626,120.57,8,0,6/30/2019 4:50, https://www.reddit.com/r/AskReddit/comments/c6zk1f/whats_an_unspoken_rule_of_reddit/, 
4977,321.62,8,0,6/30/2019 4:51, https://www.reddit.com/r/AskReddit/comments/c6rg4s/what_did_the_bully_do_at_your_school_that_made/, 
2684,189.86,8,0,6/30/2019 4:53, https://www.reddit.com/r/AskReddit/comments/c6rn6b/what_was_your_favorite_cartoon_as_a_child/, 
4454,312.54,8,0,6/30/2019 4:54, https://www.reddit.com/r/AskReddit/comments/c6tx3f/what_was_the_biggest_fuck_up_in_history/, 
5796,361.96,8,0,6/30/2019 15:25, https://www.reddit.com/r/AskReddit/comments/c7agc2/people_who_have_met_their_online_friends_what/, 
11460,722.87,8,0,7/1/2019 1:36, https://www.reddit.com/r/AskReddit/comments/c7ldpc/seriousformer_teens_who_went_to_wilderness_camps/, 
3353,230.69,8,0,7/1/2019 1:38, https://www.reddit.com/r/AskReddit/comments/c7i0x7/men_what_things_do_you_enjoy_that_are_typically/, 
7452,485.8,8,0,7/1/2019 1:40, https://www.reddit.com/r/AskReddit/comments/c7eu4l/what_seems_to_be_overrated_until_you_actually_try/, 
5025,332.14,8,0.2,7/1/2019 1:41, https://www.reddit.com/r/AskReddit/comments/c7j7kd/tattoo_artists_of_reddit_who_and_what_have_you/, 
6163,408.52,8,0.2,7/1/2019 1:43, https://www.reddit.com/r/AskReddit/comments/c7eu62/what_killed_your_interest_in_a_hobby/, 
9747,598.84,8,0.2,7/1/2019 1:44, https://www.reddit.com/r/AskReddit/comments/c7iop8/what_is_the_best_you_fed_with_the_wrong_person/, 
1299,103.7,8,0.2,7/1/2019 1:45, https://www.reddit.com/r/AskReddit/comments/c7ma7w/your_life_is_now_set_in_the_universe_of_the_last/, 
4306,283.19,8,0.4,7/1/2019 1:46, https://www.reddit.com/r/AskReddit/comments/c7jdli/women_of_reddit_what_was_your_bestmost_exciting/, 
4211,267.56,8,0.4,7/1/2019 1:47, https://www.reddit.com/r/AskReddit/comments/c7luin/how_would_you_end_the_simpsons/, 
1612,122.8,8,0.75,7/1/2019 1:48, https://www.reddit.com/r/AskReddit/comments/c7beea/what_becomes_weirder_the_older_you_get/, 
1175,94.36,8,0.75,7/1/2019 1:48, https://www.reddit.com/r/AskReddit/comments/c7gh8c/what_did_you_want_to_be_but_what_did_you_end_up_as/, 
5163,328.73,8,0.75,7/1/2019 1:50, https://www.reddit.com/r/AskReddit/comments/c7dxln/what_is_something_that_people_incorretly_believe/, 
318,42.8,8,1,7/1/2019 1:51, https://www.reddit.com/r/AskReddit/comments/c7h1ym/what_smells_better_than_is_tastes/, 
1943,134.05,8,1,7/1/2019 1:51, https://www.reddit.com/r/AskReddit/comments/c7m9d3/people_of_reddit_what_is_a_surprisingly_unknown/, 
169,31.93,8,1,7/1/2019 1:53, https://www.reddit.com/r/AskReddit/comments/c7igr8/when_would_the_more_the_merrier_not_apply/, 
13159,817.46,21,1,7/1/2019 1:56, https://www.reddit.com/r/AskReddit/comments/c7i7rc/when_did_you_witness_someone_who_never_lost_their/, 
22555,1399,21,1,7/1/2019 1:58, https://www.reddit.com/r/AskReddit/comments/c7gb8t/serious_redditors_who_have_found_a_dead_body_what/, 
22555,1399,21,1,7/1/2019 2:00, https://www.reddit.com/r/AskReddit/comments/c7gb8t/serious_redditors_who_have_found_a_dead_body_what/, 
3292,221.99,21,0.75,7/1/2019 2:02, https://www.reddit.com/r/AskReddit/comments/c78ca9/what_are_some_things_you_realised_too_late_in_life/, 
1661,137.93,21,0.75,7/1/2019 2:04, https://www.reddit.com/r/AskReddit/comments/c76ye6/if_you_could_install_one_update_to_your_body_what/, 
4966,341.9,21,0.5,7/1/2019 2:06, https://www.reddit.com/r/AskReddit/comments/c77pzw/what_cooks_surprisingly_well_in_a_microwave/, 
1554,134.45,21,0.5,7/1/2019 2:08, https://www.reddit.com/r/AskReddit/comments/c79zw4/whats_the_first_youtube_video_you_remember/, 
5562,371.32,21,0.5,7/1/2019 2:11, https://www.reddit.com/r/AskReddit/comments/c7fcjn/what_do_you_hate_about_online_dating/, 
1639,138.46,21,0.33,7/1/2019 2:13, https://www.reddit.com/r/AskReddit/comments/c7iyh6/what_would_you_never_do_even_for_1000000000/, 
3020,247.2,21,0.33,7/1/2019 2:16, https://www.reddit.com/r/AskReddit/comments/c78vkl/what_can_kill_an_adult_but_not_a_baby/, 
3889,281.88,21,0.15,7/1/2019 2:18, https://www.reddit.com/r/AskReddit/comments/c7jj4k/what_reddit_tradition_really_should_die/, 
5995,414.54,21,0.15,7/1/2019 2:21, https://www.reddit.com/r/AskReddit/comments/c77ezb/if_you_caught_a_man_breaking_into_your_house_one/, 
8832,593.22,21,0,7/1/2019 2:25, https://www.reddit.com/r/AskReddit/comments/c748ds/whats_a_fact_about_sex_thats_actually_a_myth/, 
9025,614.95,21,0,7/1/2019 2:29, https://www.reddit.com/r/AskReddit/comments/c71051/when_is_quantity_better_than_quality/, 
15058,951.74,21,0,7/1/2019 2:32, https://www.reddit.com/r/AskReddit/comments/c7azjc/serious_what_is_something_you_would_like_to_get/, 
14972,941.71,21,0,7/1/2019 16:05, https://www.reddit.com/r/AskReddit/comments/c7azjc/serious_what_is_something_you_would_like_to_get/, 
14972,941.71,21,0,7/1/2019 16:10, https://www.reddit.com/r/AskReddit/comments/c7azjc/serious_what_is_something_you_would_like_to_get/, 
14972,941.71,21,0,7/1/2019 16:14, https://www.reddit.com/r/AskReddit/comments/c7azjc/serious_what_is_something_you_would_like_to_get/, 
14972,941.71,21,0,7/1/2019 16:19, https://www.reddit.com/r/AskReddit/comments/c7azjc/serious_what_is_something_you_would_like_to_get/, 
22134,1354.1,25,0,7/1/2019 16:24, https://www.reddit.com/r/AskReddit/comments/c7qrz4/nurses_of_psych_wards_what_did_a_patient_do_that/, 
10058,628.41,10,0,7/1/2019 18:10, https://www.reddit.com/r/AskReddit/comments/c7qrz4/nurses_of_psych_wards_what_did_a_patient_do_that/, 
13143,812.39,10,0,7/2/2019 1:20, https://www.reddit.com/r/AskReddit/comments/c7qrz4/nurses_of_psych_wards_what_did_a_patient_do_that/, 
3895,274.1,10,0,7/2/2019 1:31, https://www.reddit.com/r/AskReddit/comments/c7vyzq/what_illegal_things_are_so_common_they_seem_legal/, 
3895,274.1,10,0,7/2/2019 1:33, https://www.reddit.com/r/AskReddit/comments/c7vyzq/what_illegal_things_are_so_common_they_seem_legal/, 
3785,266.34,10,0,7/2/2019 1:53, https://www.reddit.com/r/AskReddit/comments/c7vyzq/what_illegal_things_are_so_common_they_seem_legal/, 
4384,307.61,10,0,7/2/2019 2:39, https://www.reddit.com/r/AskReddit/comments/c7vyzq/what_illegal_things_are_so_common_they_seem_legal/, 
4666,324,10,0,7/2/2019 20:47, https://www.reddit.com/r/AskReddit/comments/c7vyzq/what_illegal_things_are_so_common_they_seem_legal/, 
8920,604.27,10,0,7/3/2019 4:01, https://www.reddit.com/r/AskReddit/comments/c8g2f0/serious_what_are_some_of_the_creepiest/, 
7121,510.32,10,0,7/3/2019 12:43, https://www.reddit.com/r/AskReddit/comments/c8g2f0/serious_what_are_some_of_the_creepiest/, 
4586,305.48,8,0.33,7/3/2019 17:17, https://www.reddit.com/r/AskReddit/comments/c8g2f0/serious_what_are_some_of_the_creepiest/ , 
4408,301.41,8,0.3,7/3/2019 17:32, https://www.reddit.com/r/AskReddit/comments/c8g2f0/serious_what_are_some_of_the_creepiest/ , 
4408,301.41,8,0.3,7/3/2019 17:39, https://www.reddit.com/r/AskReddit/comments/c8g2f0/serious_what_are_some_of_the_creepiest/ , 
4595,306.44,8,0.3,7/3/2019 17:59, https://www.reddit.com/r/AskReddit/comments/c8g2f0/serious_what_are_some_of_the_creepiest/ , 
4595,306.44,8,0.3,7/3/2019 18:01, https://www.reddit.com/r/AskReddit/comments/c8g2f0/serious_what_are_some_of_the_creepiest/ , 
4595,306.44,8,0.3,7/3/2019 18:05, https://www.reddit.com/r/AskReddit/comments/c8g2f0/serious_what_are_some_of_the_creepiest/ , 
16070,1027.39,25,0.4,7/9/2019 14:39, https://www.reddit.com/r/AskReddit/comments/capnq4/what_do_most_people_do_wrong_in_a_fight/, 
16070,1027.39,25,0.4,7/9/2019 14:42, https://www.reddit.com/r/AskReddit/comments/capnq4/what_do_most_people_do_wrong_in_a_fight/, 
3743,251.76,8,0.33,7/9/2019 16:32, https://www.reddit.com/r/AskReddit/comments/cb0iuy/what_movie_fucked_you_up_mentally/, 
5415,346.07,12,0.33,7/10/2019 3:56, https://www.reddit.com/r/AskReddit/comments/cb5dl3/drive_thru_workers_of_reddit_whats_the_weirdest/, 
362,36.11,1,1,7/10/2019 13:53, https://www.reddit.com/r/AskReddit/comments/cbg7m1/what_movie_do_you_consider_perfect/ , 
362,36.11,1,1,7/10/2019 13:55, https://www.reddit.com/r/AskReddit/comments/cbg7m1/what_movie_do_you_consider_perfect/ , 
362,36.11,1,1,7/10/2019 13:59, https://www.reddit.com/r/AskReddit/comments/cbg7m1/what_movie_do_you_consider_perfect/ , 
362,36.11,1,1,7/10/2019 14:14, https://www.reddit.com/r/AskReddit/comments/cbg7m1/what_movie_do_you_consider_perfect/ , 
4415,287.49,10,0.33,7/10/2019 20:47, https://www.reddit.com/r/AskReddit/comments/cbij6w/what_is_your_trick_to_impress_at_a_job_interview/ , 
4622,299.98,10,0.3,7/10/2019 21:15, https://www.reddit.com/r/AskReddit/comments/cbij6w/what_is_your_trick_to_impress_at_a_job_interview/ , 
3051,212.19000000000003,8,0.18,2019-07-13 23:56:38.322180,https://www.reddit.com/r/AskReddit/comments/ccocay/do_you_think_that_women_should_be_free_to_walk/7618,522.31,17,0.1,2019-07-16 20:33:27.440389,https://www.reddit.com/r/AskReddit/comments/cdwvhh/redditors_with_interesting_hobbies_what_do_you_do/
7495,496.44,22,0.34,2019-07-16 20:57:45.249108,https://www.reddit.com/r/AskReddit/comments/cduruo/whats_a_mild_inconvenience_that_drives_you/
