1980,130.59,0,0.3,2019-07-23 12:45:15.592564,https://www.reddit.com/r/AmItheAsshole/comments/cgq9zs/aita_for_being_honest_with_my_nephew_about_where/ 
5997,384.53,7,0.46,2019-07-23 12:57:34.960858,https://www.reddit.com/r/AmItheAsshole/comments/cgq9zs/aita_for_being_honest_with_my_nephew_about_where/ 
7092,458.9099999999999,6,0.62,2019-07-23 13:24:14.935874,https://www.reddit.com/r/AmItheAsshole/comments/cgkvur/aita_for_getting_a_single_mother_fired_even/ 
3007,206.31000000000003,2,0.3,2019-07-23 13:48:05.972927,https://www.reddit.com/r/AmItheAsshole/comments/cgkvur/aita_for_getting_a_single_mother_fired_even/ 
6083,398.29999999999995,4,0.46,2019-07-23 14:03:37.492026,https://www.reddit.com/r/AmItheAsshole/comments/cgkvur/aita_for_getting_a_single_mother_fired_even/ 
3007,208.89999999999995,2,0.3,2019-07-23 17:18:10.518761,https://www.reddit.com/r/AmItheAsshole/comments/cgkvur/aita_for_getting_a_single_mother_fired_even/ 
7092,461.04,6,0.62,2019-07-23 21:55:35.427098,https://www.reddit.com/r/AmItheAsshole/comments/cgkvur/aita_for_getting_a_single_mother_fired_even/ 
3007,207.26999999999998,2,0.3,2019-07-23 23:19:24.118247,https://www.reddit.com/r/AmItheAsshole/comments/cgkvur/aita_for_getting_a_single_mother_fired_even/ 
7449,481.70999999999987,11,0.3,2019-07-23 23:29:23.975226,https://www.reddit.com/r/AmItheAsshole/comments/cgxlli/aita_for_mentioning_that_i_had_a_chronic/ 
8185,530.0999999999999,12,0.3,2019-07-23 23:44:14.410951,https://www.reddit.com/r/AmItheAsshole/comments/cgxlli/aita_for_mentioning_that_i_had_a_chronic/ 
7799,507.22,11,0.38,2019-07-24 03:50:55.009854,https://www.reddit.com/r/AmItheAsshole/comments/cgxlli/aita_for_mentioning_that_i_had_a_chronic/ 
6053,126.80000000000001,7,0.3,2019-07-25 00:41:56.542404,https://www.reddit.com/r/relationships/comments/chcqlv/my_30f_husband_28m_is_angry_about_everything_and/ 
6053,391.71,7,0.3,2019-07-25 00:53:49.092452,https://www.reddit.com/r/relationships/comments/chcqlv/my_30f_husband_28m_is_angry_about_everything_and/ 
6000,275.87999999999994,14,0.46,2019-07-25 01:27:48.947004,https://www.reddit.com/r/relationship_advice/comments/ch8hrv/update_i_32m_make_significantly_more_money_than/ 
6000,414.81999999999994,14,0.54,2019-07-25 01:41:06.145378,https://www.reddit.com/r/relationship_advice/comments/ch8hrv/update_i_32m_make_significantly_more_money_than/ 
6000,414.81999999999994,14,0.46,2019-07-25 01:52:58.022227,https://www.reddit.com/r/relationship_advice/comments/ch8hrv/update_i_32m_make_significantly_more_money_than/ 
6000,414.82000000000005,14,0.62,2019-07-25 02:09:06.098137,https://www.reddit.com/r/relationship_advice/comments/ch8hrv/update_i_32m_make_significantly_more_money_than/ 
5796,376.67,8,0.54,2019-07-25 02:47:09.644464,https://www.reddit.com/r/AskReddit/comments/chi01o/doctors_and_nurses_of_reddit_who_have_delivered/ 
6945,449.32,9,0.54,2019-07-25 03:15:48.933821,https://www.reddit.com/r/AskReddit/comments/chi01o/doctors_and_nurses_of_reddit_who_have_delivered/ 
2513,166.09,2,0.3,2019-07-25 15:19:34.602513,https://www.reddit.com/r/AmItheAsshole/comments/chlcbo/aita_for_refusing_to_allow_my_daughter_to/ 
8512,528.14,4,0.3,2019-07-25 15:30:37.400934,https://www.reddit.com/r/relationships/comments/chozod/myf32_motherf54_is_contacting_my_friends_to_find/ 
4754,322.1,4,0.3,2019-07-26 11:42:58.693071,https://www.reddit.com/r/AskReddit/comments/chrzna/erotic_store_employees_what_are_some_interesting/ 
5037,321.84999999999997,7,0.46,2019-07-26 13:00:42.148179,https://www.reddit.com/r/AskReddit/comments/chp7a0/lawyers_of_reddit_whats_the_most_laughable_i_am/ 
4820,333.60999999999996,15,0.54,2019-07-26 13:09:47.905419,https://www.reddit.com/r/AskReddit/comments/chx9x1/men_of_reddit_what_advice_would_you_give_to_other/ 
3704,258.88,9,0.7,2019-07-26 13:18:06.711099,https://www.reddit.com/r/tifu/comments/chxued/tifu_by_asking_siri_to_play_me_a_song_and_making/ 
5969,400.34999999999985,19,0.38,2019-07-26 13:29:45.570976,https://www.reddit.com/r/confession/comments/chrtzf/i_once_pickpocketed_a_friend_of_a_friend_and/ 
6139,416.6,12,0.62,2019-07-28 00:51:54.512750,https://www.reddit.com/r/AskReddit/comments/cihunq/what_is_the_scariest_thing_youve_ever_seen_while/
1518,111.9,2,0.46,2019-07-28 02:14:31.867150,https://www.reddit.com/r/AskReddit/comments/cihunq/what_is_the_scariest_thing_youve_ever_seen_while/ 
5947,396.9799999999999,10,0.3,2019-07-28 05:02:09.436091,https://www.reddit.com/r/AskReddit/comments/cil37r/people_of_reddit_with_sos_how/
5810,421.4,24,0.62,2019-07-30 05:28:44.931273,https://www.reddit.com/r/AskReddit/comments/cjjw4d/whats_the_most_annoying_part_of_sex_that_no_one/ 
5924,433.4,16,0.3,2019-07-30 13:59:57.783675,https://www.reddit.com/r/AskReddit/comments/cjo9sq/what_helps_you_go_to_sleep_when_you_dont_feel/ 
5157,17.69,11,0.3,2019-07-30 23:43:59.065641,https://www.reddit.com/r/AskReddit/comments/cjwcnk/whats_the_worst_way_to_break_up_with_someone/ 
6100,397.22999999999996,14,0.62,2019-07-31 00:10:32.394156,https://www.reddit.com/r/AskReddit/comments/cjwcnk/whats_the_worst_way_to_break_up_with_someone/ 
5997,423.22,17,0.46,2019-07-31 17:12:08.459482,https://www.reddit.com/r/AskReddit/comments/cjssk4/whats_the_sluttiest_thing_youve_done/ 
5561,387.65,18,0.3,2019-07-31 17:30:22.397616,https://www.reddit.com/r/AskReddit/comments/ck7tee/what_did_a_friend_of_yours_do_that_turned_you_on/ 
5918,394.25999999999993,13,0.46,2019-08-03 02:35:35.721656,https://www.reddit.com/r/AskReddit/comments/cl92yp/which_was_your_worst_i_knew_i_shouldnt_have_done/ 
6120,387.18999999999994,6,0.3,2019-08-03 02:48:48.764808,https://www.reddit.com/r/AskReddit/comments/cl7sij/redditors_who_have_a_job_where_they_go_into_other/ 
6023,396.60999999999996,9,0.38,2019-08-04 00:44:04.932106,https://www.reddit.com/r/AskReddit/comments/clm25h/redditors_what_was_your_did_i_fcking_stutter/ 
4173,312.84999999999997,22,0.54,2019-08-04 00:52:45.898629,https://www.reddit.com/r/AskReddit/comments/clo167/what_dont_you_realize_about_sex_until_you/ 
8351,571.2700000000001,18,0.3,2019-08-04 01:13:09.475826,https://www.reddit.com/r/AskReddit/comments/clmark/teachers_of_reddit_what_is_the_funniest_thing/ 
4289,322.40999999999997,25,0.3,2019-08-07 04:49:56.181596,https://www.reddit.com/r/AskReddit/comments/cmq7hj/what_is_your_favorite_dad_joke/
5987,391.15000000000003,14,0.38,2019-08-07 05:05:17.933123,https://www.reddit.com/r/AskReddit/comments/cmsad5/millennials_of_reddit_now_that_the_first_batch_of/
5568,359.49,16,0.62,2019-08-07 05:16:02.095098,https://www.reddit.com/r/AskReddit/comments/cmqpdk/men_of_reddit_what_instantly_turned_you_off_a/
9172,602.94,18,0.38,2019-08-08 04:37:05.558053,https://www.reddit.com/r/AskReddit/comments/cna2o5/nsfw_people_who_work_in_the_adult_film_industry/
7717,496.03000000000003,18,0.62,2019-08-08 04:48:03.042323,https://www.reddit.com/r/AskReddit/comments/cn8z1q/whats_the_best_prank_youve_ever_heard/
6665,434.5,12,0.54,2019-08-09 04:58:00.500890,https://www.reddit.com/r/AskReddit/comments/cnwn0x/whats_the_weirdest_thing_you_have_ever_walked_in/ 
6590,440.80999999999995,24,0.62,2019-08-09 05:10:06.215733,https://www.reddit.com/r/AskReddit/comments/cntzne/what_is_the_thing_we_dont_talk_about_in_your/ 
6465,452.4899999999999,25,0.3,2019-08-10 02:52:31.414199,https://www.reddit.com/r/AskReddit/comments/co57jw/what_screams_i_am_very_smart/ 
6982,450.8200000000001,6,0.54,2019-08-10 03:05:53.259489,https://www.reddit.com/r/AskReddit/comments/co4tz4/managers_of_reddit_what_is_a_karen_experience/ 
10390,674.5799999999999,11,0.54,2019-08-11 04:44:24.969532,https://www.reddit.com/r/legaladvice/comments/copcke/my_brother_stole_almost_all_of_my_inheritance_and/ 
8030,538.9,24,0.3,2019-08-11 05:05:42.273752,https://www.reddit.com/r/AskReddit/comments/c9xx0j/nsfw_what_unexpectedly_turned_you_on/ 
6121,443.25000000000006,25,0.3,2019-08-11 05:14:35.485852,https://www.reddit.com/r/AskReddit/comments/c8wmsb/nsfw_girls_of_reddit_what_are_some_things_you/ 
6692,434.07000000000005,20,0.7,2019-08-13 04:50:55.198814,https://www.reddit.com/r/AskReddit/comments/bt7t7v/whats_the_most_nsfw_part_of_your_job/ 
7157,455.44,6,0.38,2019-08-13 05:11:56.801883,https://www.reddit.com/r/AskReddit/comments/btlqxy/whats_your_caught_in_a_nsfw_situation_at_work/ 
5207,379.13,25,0.3,2019-08-15 02:57:39.248953,https://www.reddit.com/r/AskReddit/comments/cqhbws/you_are_gifted_a_single_use_stopwatch_that_can/ 
6798,405.79999999999995,3,0.3,2019-08-15 03:12:18.166506,https://www.reddit.com/r/AskReddit/comments/cqa0tm/flight_attendants_have_you_ever_had_to_deal_with/ 
7002,443.50999999999993,8,0.3,2019-08-16 05:04:11.320684,https://www.reddit.com/r/AskReddit/comments/9urq6o/truck_drivers_of_reddits_what_is_your_most_nsfw/ 
6143,408.10999999999996,12,0.3,2019-08-16 05:13:15.421247,https://www.reddit.com/r/AskReddit/comments/bfnd31/redditors_who_post_their_own_nudes_on_nsfw_subs/ 
7605,517.36,24,0.38,2019-08-16 05:23:22.345828,https://www.reddit.com/r/AskReddit/comments/b66vp3/lifelong_blind_people_of_reddit_what_do_you/ 
5677,411.87999999999994,25,0.3,2019-08-17 02:39:09.837303,https://www.reddit.com/r/AskReddit/comments/bt7nbi/nsfw_men_of_reddit_whats_the_greatest_realization/
6910,447.57,10,0.46,2019-08-17 02:48:43.458202,https://www.reddit.com/r/AskReddit/comments/c4pt32/nsfwsex_workers_of_reddit_have_you_ever_become/
6487,449.66999999999996,19,0.54,2019-08-17 02:57:00.639559,https://www.reddit.com/r/AskReddit/comments/bsxsz2/women_of_reddit_what_are_some_nsfw_hacks_every/ 
6631,439.4999999999999,20,0.54,2019-08-19 10:47:14.474175,https://www.reddit.com/r/AskReddit/comments/cs75sp/redditors_with_thin_walls_what_have_you_heard_in/ 
6351,437.73999999999995,24,0.46,2019-08-19 10:54:40.363874,https://www.reddit.com/r/AskReddit/comments/cs5qje/which_psychological_tricks_should_everyone_know/ 
6591,456.54999999999995,24,0.38,2019-08-21 16:27:42.502902,https://www.reddit.com/r/AskReddit/comments/ctfqyk/what_will_you_never_stop_complaining_about/ 
5290,356.47999999999996,24,0.46,2019-08-29 21:20:21.941768,https://www.reddit.com/r/AskReddit/comments/cx128j/what_are_some_of_your_darkest_theories/ 
5660,403.6699999999999,24,0.3,2019-08-29 21:41:33.149056,https://www.reddit.com/r/AskReddit/comments/bsu3we/men_of_reddit_what_nsfw_male_lifestyle_hack_can/ 
2663,218.48000000000005,25,0.3,2019-09-17 21:04:07.568961,https://www.reddit.com/r/AskReddit/comments/d5f34u/free_candy_is_often_joked_about_being_written_on/ 
6249,397.05,7,0.3,2019-09-18 20:56:53.468032,https://www.reddit.com/r/AskReddit/comments/d5ye2u/when_youre_lying_in_bed_at_night_do_you_ever/ 
6241,400.74999999999994,18,0.54,2019-09-19 21:44:19.917979,https://www.reddit.com/r/AskReddit/comments/d6hyci/what_did_the_popular_kid_at_your_school_do_to_go/ 
3629,279.63999999999993,24,0.38,2019-09-20 16:10:59.621574,https://www.reddit.com/r/AskReddit/comments/d6ubd2/whats_an_instant_clothing_turnoff_for_you_when/ 
1932,173.23,25,0.3,2019-09-23 13:39:53.749358,https://www.reddit.com/r/AskReddit/comments/d85jeg/what_is_the_most_inappropriate_reply_to_i_love_you/ 
4392,304.42,16,0.7,2019-09-23 14:28:13.044571,https://www.reddit.com/r/AskReddit/comments/d85h5t/the_year_is_2919_the_renaissance_fair_of_that/ 
4110,293.1,21,0.54,2019-09-27 16:37:08.850155,https://www.reddit.com/r/AskReddit/comments/da0wc1/what_is_one_of_the_dumbest_things_youve_done_when/ 
4100,296.19,23,0.62,2019-09-27 17:03:11.736935,https://www.reddit.com/r/AskReddit/comments/da0wc1/what_is_one_of_the_dumbest_things_youve_done_when/ 
2858,238.49000000000004,25,0.3,2019-10-04 11:46:08.824488,https://www.reddit.com/r/AskReddit/comments/dd58gm/if_you_had_to_name_this_chapter_of_your_life_what/ 
4529,296.71,11,0.7,2019-10-04 12:17:29.288203,https://www.reddit.com/r/AskReddit/comments/dd5hk6/men_of_reddit_what_were_the_consequences_of/ 
3915,323.6899999999999,24,0.38,2019-10-04 21:47:22.778575,https://www.reddit.com/r/AskReddit/comments/dd8y25/what_cheat_were_you_taught_to_help_you_remember/ 
3896,255.0,4,0.3,2019-10-05 13:13:59.686892,https://www.reddit.com/r/AskReddit/comments/ddh8vm/what_is_an_unexplainable_memory_from_your/ 
5461,346.88,7,0.38,2019-10-12 18:26:53.560063,https://www.reddit.com/r/AskReddit/comments/dgl8im/survivors_of_comas_what_was_it_like/ 
2582,200.58999999999997,13,0.3,2021-03-04 13:23:41.683140,https://www.reddit.com/r/AskReddit/comments/lxd4ey/what_is_the_funniest_thing_a_child_has_ever_said/ 
1119,20.72,13,0.7400000000000001,2022-08-16 20:38:48.385763,https://www.reddit.com/r/AskReddit/comments/wo4vb8/whats_something_that_people_turn_into_their_whole/
1119,118.64000000000001,13,0.7400000000000001,2022-08-16 20:41:07.629821,https://www.reddit.com/r/AskReddit/comments/wo4vb8/whats_something_that_people_turn_into_their_whole/
1119,20.72,13,0.7400000000000001,2022-08-19 23:10:24.244056,https://www.reddit.com/r/AskReddit/comments/wo4vb8/whats_something_that_people_turn_into_their_whole/
1119,118.64000000000001,13,0.7400000000000001,2022-08-19 23:12:26.968363,https://www.reddit.com/r/AskReddit/comments/wo4vb8/whats_something_that_people_turn_into_their_whole/
1119,118.63999999999999,13,0.7400000000000001,2022-08-20 18:26:56.168366,https://www.reddit.com/r/AskReddit/comments/wo4vb8/whats_something_that_people_turn_into_their_whole/
